{"cameraMode":{"drawMode":0,"name":"Shaded","section":"Shading Mode"},"sceneLighting":false,"audioPlay":false,"sceneViewState":{"m_AlwaysRefresh":false,"showFog":true,"showSkybox":false,"showFlares":true,"showImageEffects":true,"showParticleSystems":true,"showVisualEffectGraphs":true,"m_FxEnabled":true},"in2DMode":false,"pivot":{"x":1.5503108501434327,"y":0.5651034116744995,"z":-1.8594551086425782},"rotation":{"x":-0.07075046002864838,"y":0.003588372375816107,"z":-0.00025436218129470944,"w":-0.9974914193153381},"size":0.18100705742835999,"orthographic":false}