{"cameraMode":{"drawMode":0,"name":"Shaded","section":"Shading Mode"},"sceneLighting":false,"audioPlay":false,"sceneViewState":{"m_AlwaysRefresh":false,"showFog":true,"showSkybox":false,"showFlares":true,"showImageEffects":true,"showParticleSystems":true,"showVisualEffectGraphs":true,"m_FxEnabled":true},"in2DMode":false,"pivot":{"x":-14.796061515808106,"y":19.747072219848634,"z":8.690531730651856},"rotation":{"x":-0.07217104732990265,"y":-0.04576677083969116,"z":0.0033151297830045225,"w":-0.9963394999504089},"size":11.487190246582032,"orthographic":false}