{"cameraMode":{"drawMode":0,"name":"Shaded","section":"Shading Mode"},"sceneLighting":false,"audioPlay":false,"sceneViewState":{"m_AlwaysRefresh":false,"showFog":true,"showSkybox":false,"showFlares":true,"showImageEffects":true,"showParticleSystems":true,"showVisualEffectGraphs":true,"m_FxEnabled":true},"in2DMode":false,"pivot":{"x":0.04622507095336914,"y":1.805684208869934,"z":0.008466005325317383},"rotation":{"x":-0.1492416113615036,"y":0.24836646020412446,"z":-0.03875981271266937,"w":-0.9563186764717102},"size":2.892141342163086,"orthographic":false}