{"cameraMode":{"drawMode":0,"name":"Shaded","section":"Shading Mode"},"sceneLighting":false,"audioPlay":false,"sceneViewState":{"m_AlwaysRefresh":false,"showFog":true,"showSkybox":false,"showFlares":true,"showImageEffects":true,"showParticleSystems":true,"showVisualEffectGraphs":true,"m_FxEnabled":true},"in2DMode":false,"pivot":{"x":0.00001026118297886569,"y":0.000039217939047375694,"z":0.000003133580321446061},"rotation":{"x":-0.027299927547574045,"y":-0.021892793476581575,"z":0.0005982449511066079,"w":-0.9993905425071716},"size":-0.0005826794658787549,"orthographic":false}