{"cameraMode":{"drawMode":0,"name":"Shaded","section":"Shading Mode"},"sceneLighting":false,"audioPlay":false,"sceneViewState":{"m_AlwaysRefresh":false,"showFog":true,"showSkybox":false,"showFlares":true,"showImageEffects":true,"showParticleSystems":true,"showVisualEffectGraphs":true,"m_FxEnabled":true},"in2DMode":false,"pivot":{"x":0.01883625239133835,"y":1.3335171937942505,"z":1.549825668334961},"rotation":{"x":-0.04375624656677246,"y":0.04254385083913803,"z":-0.001864748657681048,"w":-0.9981386661529541},"size":0.07110504060983658,"orthographic":false}