{"cameraMode":{"drawMode":0,"name":"Shaded","section":"Shading Mode"},"sceneLighting":false,"audioPlay":false,"sceneViewState":{"m_AlwaysRefresh":false,"showFog":true,"showSkybox":false,"showFlares":true,"showImageEffects":true,"showParticleSystems":true,"showVisualEffectGraphs":true,"m_FxEnabled":true},"in2DMode":false,"pivot":{"x":0.7809215784072876,"y":2.362762451171875,"z":0.48169636726379397},"rotation":{"x":-0.14217737317085267,"y":0.04511764273047447,"z":-0.006487485487014055,"w":-0.9887939691543579},"size":2.647737741470337,"orthographic":false}