{"cameraMode":{"drawMode":0,"name":"Shaded","section":"Shading Mode"},"sceneLighting":false,"audioPlay":false,"sceneViewState":{"m_AlwaysRefresh":false,"showFog":true,"showSkybox":false,"showFlares":true,"showImageEffects":true,"showParticleSystems":true,"showVisualEffectGraphs":true,"m_FxEnabled":true},"in2DMode":false,"pivot":{"x":-2.353919506072998,"y":-0.046175479888916019,"z":9.54558277130127},"rotation":{"x":-0.1540217101573944,"y":0.046517085283994678,"z":-0.007259214762598276,"w":-0.9869484901428223},"size":10.138232231140137,"orthographic":false}