{"cameraMode":{"drawMode":0,"name":"Shaded","section":"Shading Mode"},"sceneLighting":false,"audioPlay":false,"sceneViewState":{"m_AlwaysRefresh":false,"showFog":true,"showSkybox":false,"showFlares":true,"showImageEffects":true,"showParticleSystems":true,"showVisualEffectGraphs":true,"m_FxEnabled":true},"in2DMode":false,"pivot":{"x":14.856021881103516,"y":2.380000114440918,"z":13.628015518188477},"rotation":{"x":-0.1540217101573944,"y":0.046517085283994678,"z":-0.007259214762598276,"w":-0.9869484901428223},"size":4.21052885055542,"orthographic":false}