{"cameraMode":{"drawMode":0,"name":"Shaded","section":"Shading Mode"},"sceneLighting":false,"audioPlay":false,"sceneViewState":{"m_AlwaysRefresh":false,"showFog":true,"showSkybox":false,"showFlares":true,"showImageEffects":true,"showParticleSystems":true,"showVisualEffectGraphs":true,"m_FxEnabled":true},"in2DMode":false,"pivot":{"x":-2.689573049545288,"y":1.5886105298995972,"z":-0.6730999946594238},"rotation":{"x":-0.1540217101573944,"y":0.046517085283994678,"z":-0.007259214762598276,"w":-0.9869484901428223},"size":0.5492987036705017,"orthographic":false}