{"cameraMode":{"drawMode":0,"name":"Shaded","section":"Shading Mode"},"sceneLighting":false,"audioPlay":false,"sceneViewState":{"m_AlwaysRefresh":false,"showFog":true,"showSkybox":false,"showFlares":true,"showImageEffects":true,"showParticleSystems":true,"showVisualEffectGraphs":true,"m_FxEnabled":true},"in2DMode":false,"pivot":{"x":-0.009294986724853516,"y":1.4544782638549805,"z":0.1345500946044922},"rotation":{"x":-0.08117860555648804,"y":0.03198593854904175,"z":-0.002606545342132449,"w":-0.9961848258972168},"size":2.5760505199432375,"orthographic":false}