{"cameraMode":{"drawMode":0,"name":"Shaded","section":"Shading Mode"},"sceneLighting":false,"audioPlay":false,"sceneViewState":{"m_AlwaysRefresh":false,"showFog":true,"showSkybox":false,"showFlares":true,"showImageEffects":true,"showParticleSystems":true,"showVisualEffectGraphs":true,"m_FxEnabled":true},"in2DMode":false,"pivot":{"x":-0.01746976375579834,"y":1.7411901950836182,"z":-0.5949251651763916},"rotation":{"x":-0.30640172958374026,"y":0.3411823511123657,"z":-0.11870063841342926,"w":-0.8806983828544617},"size":1.7922449111938477,"orthographic":false}