{"cameraMode":{"drawMode":0,"name":"Shaded","section":"Shading Mode"},"sceneLighting":false,"audioPlay":false,"sceneViewState":{"m_AlwaysRefresh":false,"showFog":true,"showSkybox":false,"showFlares":true,"showImageEffects":true,"showParticleSystems":true,"showVisualEffectGraphs":true,"m_FxEnabled":true},"in2DMode":false,"pivot":{"x":-0.011774420738220215,"y":1.8051416873931885,"z":0.17044305801391602},"rotation":{"x":-0.10656560957431793,"y":-0.02774004451930523,"z":0.002974198665469885,"w":-0.9939162731170654},"size":3.2847471237182619,"orthographic":false}