{"cameraMode":{"drawMode":0,"name":"Shaded","section":"Shading Mode"},"sceneLighting":false,"audioPlay":false,"sceneViewState":{"m_AlwaysRefresh":false,"showFog":true,"showSkybox":false,"showFlares":true,"showImageEffects":true,"showParticleSystems":true,"showVisualEffectGraphs":true,"m_FxEnabled":true},"in2DMode":false,"pivot":{"x":-10.462491035461426,"y":1.1030932664871216,"z":-0.8472377061843872},"rotation":{"x":-0.1540217101573944,"y":0.046517085283994678,"z":-0.007259214762598276,"w":-0.9869484901428223},"size":2.298959970474243,"orthographic":false}