{"cameraMode":{"drawMode":0,"name":"Shaded","section":"Shading Mode"},"sceneLighting":false,"audioPlay":false,"sceneViewState":{"m_AlwaysRefresh":false,"showFog":true,"showSkybox":false,"showFlares":true,"showImageEffects":true,"showParticleSystems":true,"showVisualEffectGraphs":true,"m_FxEnabled":true},"in2DMode":false,"pivot":{"x":0.7289999723434448,"y":0.22600001096725465,"z":-1.0180000066757203},"rotation":{"x":-0.048058997839689258,"y":0.09782607853412628,"z":-0.004729649052023888,"w":-0.9940336346626282},"size":0.6780683994293213,"orthographic":false}